{"v":"5.6.3","fr":25,"ip":0,"op":75,"w":644,"h":72,"nm":"合成 2","ddd":0,"assets":[{"id":"image_0","w":480,"h":642,"u":"images/","p":"img_0.png","e":0},{"id":"image_1","w":155,"h":190,"u":"images/","p":"img_1.png","e":0},{"id":"image_2","w":460,"h":371,"u":"images/","p":"img_2.png","e":0},{"id":"image_3","w":644,"h":72,"u":"images/","p":"img_3.png","e":0},{"id":"image_4","w":644,"h":72,"u":"images/","p":"img_4.png","e":0},{"id":"comp_0","layers":[{"ddd":0,"ind":1,"ty":4,"nm":"形状图层 1","sr":1,"ks":{"o":{"a":0,"k":60,"ix":11},"r":{"a":0,"k":0,"ix":10},"p":{"a":0,"k":[322,36,0],"ix":2},"a":{"a":0,"k":[0,0,0],"ix":1},"s":{"a":0,"k":[100,100,100],"ix":6}},"ao":0,"shapes":[{"ty":"gr","it":[{"ind":0,"ty":"sh","ix":1,"ks":{"a":0,"k":{"i":[[5.75,5.25],[0,0],[0,0],[-1.25,-1.25],[0,0],[-3.75,-1.5],[0,0],[0,0],[0,0],[0,0],[0,1.75],[3.165,3.612],[0,0],[0,0]],"o":[[-5.75,-5.25],[0,0],[0,0],[1.25,1.25],[0,0],[3.75,1.5],[0,0],[0,0],[0,0],[0,0],[0,-0.976],[-1.639,-1.87],[0,0],[0,0]],"v":[[312.75,-37.625],[246,-36.25],[220.75,-0.25],[221.75,3.25],[229.5,11],[236.25,14],[242.625,16.25],[227.25,36.5],[272,36.625],[301.625,16.75],[306,12.375],[297.96,1.388],[287.375,-3.125],[313.375,-27.75]],"c":true},"ix":2},"nm":"路径 1","mn":"ADBE Vector Shape - Group","hd":false},{"ty":"tm","s":{"a":1,"k":[{"i":{"x":[0.833],"y":[0.833]},"o":{"x":[0.167],"y":[0.167]},"t":13,"s":[0]},{"t":36,"s":[100]}],"ix":1},"e":{"a":1,"k":[{"i":{"x":[0.667],"y":[1]},"o":{"x":[0.333],"y":[0]},"t":10,"s":[0]},{"t":33,"s":[100]}],"ix":2},"o":{"a":0,"k":0,"ix":3},"m":1,"ix":2,"nm":"修剪路径 1","mn":"ADBE Vector Filter - Trim","hd":false},{"ty":"st","c":{"a":0,"k":[1,0.957885502834,0.899481560202,1],"ix":3},"o":{"a":0,"k":100,"ix":4},"w":{"a":0,"k":1,"ix":5},"lc":1,"lj":1,"ml":4,"bm":0,"nm":"描边 1","mn":"ADBE Vector Graphic - Stroke","hd":false},{"ty":"tr","p":{"a":0,"k":[0,0],"ix":2},"a":{"a":0,"k":[0,0],"ix":1},"s":{"a":0,"k":[100,100],"ix":3},"r":{"a":0,"k":0,"ix":6},"o":{"a":0,"k":100,"ix":7},"sk":{"a":0,"k":0,"ix":4},"sa":{"a":0,"k":0,"ix":5},"nm":"变换"}],"nm":"形状 1","np":4,"cix":2,"bm":0,"ix":1,"mn":"ADBE Vector Group","hd":false}],"ip":0,"op":8250,"st":0,"bm":0},{"ddd":0,"ind":2,"ty":2,"nm":"图层 1.png","cl":"png","refId":"image_0","sr":1,"ks":{"o":{"a":1,"k":[{"i":{"x":[0.833],"y":[0.833]},"o":{"x":[0.167],"y":[0.167]},"t":32,"s":[100]},{"t":35,"s":[0]}],"ix":11},"r":{"a":1,"k":[{"i":{"x":[0.833],"y":[0.833]},"o":{"x":[0.167],"y":[0.167]},"t":24,"s":[-54]},{"i":{"x":[0.833],"y":[0.833]},"o":{"x":[0.167],"y":[0.167]},"t":25,"s":[-36]},{"i":{"x":[0.833],"y":[0.833]},"o":{"x":[0.167],"y":[0.167]},"t":26,"s":[-36]},{"i":{"x":[0.833],"y":[0.833]},"o":{"x":[0.167],"y":[0.167]},"t":27,"s":[-135]},{"i":{"x":[0.833],"y":[0.833]},"o":{"x":[0.167],"y":[0.167]},"t":28,"s":[-41]},{"t":32,"s":[-119]}],"ix":10},"p":{"a":1,"k":[{"i":{"x":0.833,"y":0.833},"o":{"x":0.167,"y":0.167},"t":24,"s":[563.5,90.75,0],"to":[0.042,0.042,0],"ti":[0,0.01,0]},{"i":{"x":0.833,"y":0.833},"o":{"x":0.167,"y":0.167},"t":25,"s":[625.5,65.75,0],"to":[0,-0.021,0],"ti":[0,-0.012,0]},{"i":{"x":0.833,"y":0.833},"o":{"x":0.167,"y":0.167},"t":26,"s":[642,53,0],"to":[0,0.021,0],"ti":[0.528,-0.444,0]},{"i":{"x":0.833,"y":0.833},"o":{"x":0.167,"y":0.167},"t":27,"s":[622.25,24.25,0],"to":[-0.12,0.101,0],"ti":[0,0,0]},{"i":{"x":0.833,"y":0.833},"o":{"x":0.167,"y":0.167},"t":28,"s":[632,27.75,0],"to":[0,0,0],"ti":[0,0,0]},{"i":{"x":0.833,"y":0.833},"o":{"x":0.167,"y":0.167},"t":29,"s":[637,21.75,0],"to":[0,0,0],"ti":[0,0,0]},{"i":{"x":0.833,"y":0.833},"o":{"x":0.167,"y":0.167},"t":30,"s":[646.5,14,0],"to":[0,0,0],"ti":[0,0,0]},{"i":{"x":0.833,"y":0.833},"o":{"x":0.167,"y":0.167},"t":32,"s":[642.5,-14.5,0],"to":[0,0,0],"ti":[0,0,0]},{"t":33,"s":[620.25,-48,0]}],"ix":2},"a":{"a":0,"k":[240,321,0],"ix":1},"s":{"a":0,"k":[28.75,16.199,100],"ix":6}},"ao":0,"ip":0,"op":8250,"st":0,"bm":0},{"ddd":0,"ind":3,"ty":2,"nm":"图层 1.png","cl":"png","parent":1,"refId":"image_0","sr":1,"ks":{"o":{"a":1,"k":[{"i":{"x":[0.833],"y":[0.833]},"o":{"x":[0.167],"y":[0.167]},"t":22,"s":[100]},{"t":23,"s":[0]}],"ix":11},"r":{"a":1,"k":[{"i":{"x":[0.833],"y":[0.833]},"o":{"x":[0.167],"y":[0.167]},"t":19,"s":[-54]},{"i":{"x":[0.833],"y":[0.833]},"o":{"x":[0.167],"y":[0.167]},"t":20,"s":[-146]},{"t":21,"s":[-54]}],"ix":10},"p":{"a":1,"k":[{"i":{"x":0.833,"y":0.833},"o":{"x":0.167,"y":0.167},"t":10,"s":[283.5,-63,0],"to":[-5.083,6.083,0],"ti":[8.5,-11,0]},{"i":{"x":0.833,"y":0.833},"o":{"x":0.167,"y":0.167},"t":17,"s":[253,-26.5,0],"to":[-8.5,11,0],"ti":[3.125,-4.5,0]},{"i":{"x":0.833,"y":0.833},"o":{"x":0.167,"y":0.167},"t":19,"s":[232.5,3,0],"to":[-3.125,4.5,0],"ti":[-2.167,-4.583,0]},{"i":{"x":0.833,"y":0.833},"o":{"x":0.167,"y":0.167},"t":20,"s":[234.25,0.5,0],"to":[2.167,4.583,0],"ti":[-2.933,-5.866,0]},{"i":{"x":0.833,"y":0.833},"o":{"x":0.167,"y":0.167},"t":21,"s":[245.5,30.5,0],"to":[0.062,0.125,0],"ti":[-0.062,-0.125,0]},{"t":22,"s":[239.5,39.5,0]}],"ix":2},"a":{"a":0,"k":[240,321,0],"ix":1},"s":{"a":0,"k":[28.75,16.199,100],"ix":6}},"ao":0,"ip":0,"op":8250,"st":0,"bm":0},{"ddd":0,"ind":5,"ty":2,"nm":"闪电.png","cl":"png","refId":"image_1","sr":1,"ks":{"o":{"a":1,"k":[{"i":{"x":[0.667],"y":[1]},"o":{"x":[0.333],"y":[0]},"t":25,"s":[0]},{"i":{"x":[0.833],"y":[1]},"o":{"x":[0.167],"y":[0]},"t":35,"s":[100]},{"i":{"x":[0.833],"y":[1]},"o":{"x":[0.167],"y":[0]},"t":70,"s":[100]},{"t":75,"s":[0]}],"ix":11},"r":{"a":0,"k":0,"ix":10},"p":{"a":0,"k":[585.625,43,0],"ix":2},"a":{"a":0,"k":[77.5,95,0],"ix":1},"s":{"a":1,"k":[{"i":{"x":[0.667,0.667,0.667],"y":[1,1,1]},"o":{"x":[0.333,0.333,0.333],"y":[0,0,0]},"t":33,"s":[100,100,100]},{"i":{"x":[0.667,0.667,0.667],"y":[1,1,1]},"o":{"x":[0.333,0.333,0.333],"y":[0,0,0]},"t":38,"s":[106,106,100]},{"t":43,"s":[100,100,100]}],"ix":6}},"ao":0,"ip":0,"op":8250,"st":0,"bm":0},{"ddd":0,"ind":6,"ty":2,"nm":"扫光.png","cl":"png","refId":"image_2","sr":1,"ks":{"o":{"a":0,"k":80,"ix":11},"r":{"a":0,"k":0,"ix":10},"p":{"a":1,"k":[{"i":{"x":0.667,"y":1},"o":{"x":0.333,"y":0},"t":0,"s":[-229.375,33,0],"to":[184,0,0],"ti":[-184,0,0]},{"t":45,"s":[874.625,33,0]}],"ix":2},"a":{"a":0,"k":[230,185.5,0],"ix":1},"s":{"a":0,"k":[100,100,100],"ix":6}},"ao":0,"ip":0,"op":8250,"st":0,"bm":0},{"ddd":0,"ind":7,"ty":2,"nm":"底.png","cl":"png","refId":"image_3","sr":1,"ks":{"o":{"a":0,"k":100,"ix":11},"r":{"a":0,"k":0,"ix":10},"p":{"a":0,"k":[321.75,36,0],"ix":2},"a":{"a":0,"k":[322,36,0],"ix":1},"s":{"a":0,"k":[100,100,100],"ix":6}},"ao":0,"hasMask":true,"masksProperties":[{"inv":false,"mode":"a","pt":{"a":0,"k":{"i":[[16.455,0],[0,0],[0,-25.854],[0,0],[-14.146,0],[0,0],[0,22.854],[0,0]],"o":[[0,0],[-17.641,0],[0,0],[0,27.354],[0,0],[18.952,0],[0,0],[0,-29.604]],"v":[[604.701,0],[38.612,0],[0,35.354],[0,35.396],[38.612,72],[604.701,72],[643.875,36.896],[644,36.854]],"c":true},"ix":1},"o":{"a":0,"k":100,"ix":3},"x":{"a":0,"k":0,"ix":4},"nm":"蒙版 1"}],"ip":0,"op":8250,"st":0,"bm":0}]}],"layers":[{"ddd":0,"ind":1,"ty":0,"nm":"预合成 1","refId":"comp_0","sr":1,"ks":{"o":{"a":0,"k":100,"ix":11},"r":{"a":0,"k":0,"ix":10},"p":{"a":0,"k":[322,36,0],"ix":2},"a":{"a":0,"k":[322,36,0],"ix":1},"s":{"a":0,"k":[100,100,100],"ix":6}},"ao":0,"w":644,"h":72,"ip":0,"op":8250,"st":0,"bm":0},{"ddd":0,"ind":3,"ty":2,"nm":"底2.png","cl":"png","refId":"image_4","sr":1,"ks":{"o":{"a":0,"k":100,"ix":11},"r":{"a":0,"k":0,"ix":10},"p":{"a":0,"k":[322,36,0],"ix":2},"a":{"a":0,"k":[322,36,0],"ix":1},"s":{"a":0,"k":[100,100,100],"ix":6}},"ao":0,"ip":0,"op":8250,"st":0,"bm":0}],"markers":[]}